birth_outcome_id,pregnancy_id,outcome_type,delivery_date,delivery_place,delivery_mode,gestational_age_weeks,mother_status,complications,notes
1,1,Live Birth,7/20/2022,Teaching Hospital Karapitiya,Normal Vaginal,39,Healthy,,
2,2,Live Birth,1/10/2023,Balapitiya Base Hospital,Normal Vaginal,39,Healthy,,
3,3,Live Birth,10/6/2023,Teaching Hospital Karapitiya,Caesarean,39,Healthy,Fetal distress,
4,4,Live Birth,3/18/2022,Udugama District Hospital,Normal Vaginal,39,Healthy,,
5,5,Live Birth,8/8/2022,Teaching Hospital Karapitiya,Normal Vaginal,40,Healthy,,
6,6,Live Birth,4/5/2023,Elpitiya Base Hospital,Assisted,39,Healthy,Prolonged second stage,
7,7,Live Birth,12/13/2023,Teaching Hospital Karapitiya,Normal Vaginal,39,Healthy,,
8,8,Live Birth,6/3/2022,Balapitiya Base Hospital,Caesarean,39,Healthy,Previous Caesarean,
9,9,Live Birth,9/9/2023,Teaching Hospital Karapitiya,Normal Vaginal,40,Healthy,,
10,10,Live Birth,2/22/2023,Karandeniya District Hospital,Normal Vaginal,39,Healthy,,
11,11,Live Birth,11/3/2023,Teaching Hospital Karapitiya,Normal Vaginal,39,Healthy,,
12,12,Live Birth,5/8/2022,Balapitiya Base Hospital,Caesarean,39,Healthy,Breech presentation,
13,13,Live Birth,12/15/2022,Teaching Hospital Karapitiya,Normal Vaginal,39,Healthy,,
14,14,Live Birth,8/15/2023,Elpitiya Base Hospital,Normal Vaginal,39,Healthy,,
15,15,Live Birth,10/10/2022,Teaching Hospital Karapitiya,Assisted,39,Healthy,Vacuum extraction,
16,16,Live Birth,6/30/2022,Teaching Hospital Karapitiya,Caesarean,39,Complication,Gestational hypertension,Recovered well
17,18,Live Birth,11/19/2022,Udugama District Hospital,Normal Vaginal,39,Healthy,,
18,19,Live Birth,9/28/2023,Teaching Hospital Karapitiya,Normal Vaginal,40,Healthy,,
19,20,Live Birth,3/12/2023,Balapitiya Base Hospital,Normal Vaginal,39,Healthy,,
20,21,Live Birth,9/1/2023,Teaching Hospital Karapitiya,Caesarean,39,Healthy,Fetal distress,
21,22,Live Birth,8/17/2022,Karandeniya District Hospital,Normal Vaginal,39,Healthy,,
22,23,Live Birth,12/9/2023,Teaching Hospital Karapitiya,Normal Vaginal,39,Healthy,,
23,24,Live Birth,1/27/2023,Balapitiya Base Hospital,Normal Vaginal,39,Healthy,,
24,4,Miscarriage,1/9/2022,Udugama District Hospital,Normal Vaginal,22,Healthy,Incomplete miscarriage,Managed conservatively
25,12,Still Birth,5/8/2022,Teaching Hospital Karapitiya,Caesarean,38,Complication,Placental abruption,Mother recovered
,,,,,,,,,
,,,,,,,,,
,,,,,,,,,
,,,,,,,,,
,,,,,,,,,
,,,,,,,,,
,,,,,,,,,
,,,,,,,,,
,,,,,,,,,
,,,,,,,,,
,,,,,,,,,
,,,,,,,,,
,,,,,,,,,
,,,,,,,,,
,,,,,,,,,
,,,,,,,,,
,,,,,,,,,
,,,,,,,,,
,,,,,,,,,
,,,,,,,,,
,,,,,,,,,
,,,,,,,,,
,,,,,,,,,
,,,,,,,,,
,,,,,,,,,
,,,,,,,,,
,,,,,,,,,
,,,,,,,,,
,,,,,,,,,
,,,,,,,,,
,,,,,,,,,
,,,,,,,,,
,,,,,,,,,
,,,,,,,,,
,,,,,,,,,
,,,,,,,,,
,,,,,,,,,
,,,,,,,,,
,,,,,,,,,
,,,,,,,,,
,,,,,,,,,
,,,,,,,,,
,,,,,,,,,
,,,,,,,,,
