person_id,birth_outcome_id,birth_weight_kg,birth_length_cm,head_circumference_cm,special_needs,breastfeeding_status,neonatal_complications,registered_date
3,1,3.12,49.5,34.2,0,Exclusive,,7/21/2022
4,2,2.95,48.7,33.8,0,Exclusive,,1/11/2023
7,3,3.34,50.1,34.9,0,Exclusive,,10/7/2023
11,5,3.02,49,34.1,0,Exclusive,,8/9/2022
12,6,2.88,48.3,33.5,0,Mixed,Mild neonatal jaundice,4/6/2023
15,7,3.25,50,35,0,Exclusive,,12/14/2023
16,8,3.08,49.2,34,0,Exclusive,,6/4/2022
19,9,3.41,50.5,35.2,0,Exclusive,,9/10/2023
20,10,2.97,48.8,33.9,0,Exclusive,,2/23/2023
23,11,3.19,49.7,34.5,0,Exclusive,,11/4/2023
24,12,2.76,47.9,33.2,0,Mixed,Transient tachypnea,5/9/2022
28,13,3.09,49.3,34.1,0,Exclusive,,12/16/2022
29,14,3.27,50.2,34.8,0,Exclusive,,8/16/2023
32,15,2.91,48.5,33.6,0,Exclusive,,10/11/2022
36,16,2.63,47.2,32.9,0,Mixed,Low birth weight observation,7/1/2022
40,18,3.22,49.8,34.6,0,Exclusive,,11/20/2022
44,19,3.3,50,34.9,0,Exclusive,,9/29/2023
48,20,3.06,49.1,34,0,Exclusive,,3/13/2023
49,21,3.14,49.4,34.3,0,Exclusive,,9/2/2023
53,22,2.98,48.9,33.8,0,Exclusive,,8/18/2022
,,,,,,,,
,,,,,,,,
,,,,,,,,
,,,,,,,,
,,,,,,,,
,,,,,,,,
,,,,,,,,
,,,,,,,,
,,,,,,,,
,,,,,,,,
,,,,,,,,
,,,,,,,,
,,,,,,,,
,,,,,,,,
,,,,,,,,
,,,,,,,,
,,,,,,,,
,,,,,,,,
,,,,,,,,
,,,,,,,,
,,,,,,,,
,,,,,,,,
,,,,,,,,
