family_id,phm_area_id,address,registration_number,registered_date,status,remarks
1,1,No.12 Hospital Road Galle,FAM000001,2023-01-05,Active,
2,1,No.45 Lighthouse Street Galle,FAM000002,2023-01-08,Active,
3,1,No.28 Wakwella Road Galle,FAM000003,2023-01-10,Active,
4,1,No.77 Mahamodara Road Galle,FAM000004,2023-01-12,Active,
5,1,No.16 Karapitiya Road Galle,FAM000005,2023-01-18,Active,
6,1,No.51 Richmond Hill Galle,FAM000006,2023-01-21,Active,
7,1,No.09 Hirimbura Road Galle,FAM000007,2023-01-26,Active,
8,1,No.33 Dadalla Road Galle,FAM000008,2023-02-02,Active,
9,1,No.19 Boossa Road Galle,FAM000009,2023-02-05,Active,
10,1,No.88 Circular Road Galle,FAM000010,2023-02-09,Active,
11,1,No.11 Dangedara Galle,FAM000011,2023-02-15,Active,
12,1,No.40 Pettigalawatta Galle,FAM000012,2023-02-20,Active,
13,1,No.63 Kalegana Galle,FAM000013,2023-02-28,Active,
14,1,No.72 Uluwitike Galle,FAM000014,2023-03-04,Active,
15,1,No.08 Labuduwa Road Galle,FAM000015,2023-03-12,Active,
16,1,No.95 Akuressa Road Galle,FAM000016,2023-03-20,Active,
17,1,No.36 Hume Road Galle,FAM000017,2023-03-28,Active,
18,1,No.21 Fort Galle,FAM000018,2023-04-02,Active,
19,1,No.44 Rampart Street Galle,FAM000019,2023-04-08,Active,
20,1,No.56 Pedlar Street Galle,FAM000020,2023-04-15,Active,
21,1,No.17 Church Street Galle,FAM000021,2023-04-22,Active,
22,1,No.102 Matara Road Galle,FAM000022,2023-05-01,Active,
23,1,No.37 Minuwangoda Road Galle,FAM000023,2023-05-09,Active,
24,1,No.14 Colombo Road Galle,FAM000024,2023-05-18,Active,
25,1,No.61 Magalle Galle,FAM000025,2023-05-25,Active,

26,2,No.18 Bope Road Bope,FAM000026,2023-01-06,Active,
27,2,No.43 Poddala Road Bope,FAM000027,2023-01-09,Active,
28,2,No.66 Hiyare Road,FAM000028,2023-01-14,Active,
29,2,No.81 Labuduwa,FAM000029,2023-01-19,Active,
30,2,No.09 Akuratiya,FAM000030,2023-01-24,Active,
31,2,No.24 Bope,FAM000031,2023-02-01,Active,
32,2,No.48 Poddala,FAM000032,2023-02-07,Active,
33,2,No.73 Hiyare,FAM000033,2023-02-15,Active,
34,2,No.12 Labuduwa,FAM000034,2023-02-20,Active,
35,2,No.37 Akuratiya,FAM000035,2023-02-28,Active,
36,2,No.55 Bope,FAM000036,2023-03-05,Active,
37,2,No.90 Poddala,FAM000037,2023-03-11,Active,
38,2,No.20 Hiyare,FAM000038,2023-03-17,Active,
39,2,No.69 Labuduwa,FAM000039,2023-03-24,Active,
40,2,No.83 Akuratiya,FAM000040,2023-04-02,Active,
41,2,No.41 Bope,FAM000041,2023-04-10,Active,
42,2,No.29 Poddala,FAM000042,2023-04-18,Active,
43,2,No.11 Hiyare,FAM000043,2023-04-26,Active,
44,2,No.62 Labuduwa,FAM000044,2023-05-03,Active,
45,2,No.77 Akuratiya,FAM000045,2023-05-12,Active,
46,2,No.38 Bope,FAM000046,2023-05-20,Active,
47,2,No.52 Poddala,FAM000047,2023-05-27,Active,
48,2,No.86 Hiyare,FAM000048,2023-06-05,Active,
49,2,No.27 Labuduwa,FAM000049,2023-06-11,Active,
50,2,No.94 Akuratiya,FAM000050,2023-06-18,Active,

51,3,No.15 Akmeemana,FAM000051,2023-01-04,Active,
52,3,No.32 Pinnaduwa,FAM000052,2023-01-09,Active,
53,3,No.68 Kahaduwa,FAM000053,2023-01-15,Active,
54,3,No.84 Ihalagoda,FAM000054,2023-01-21,Active,
55,3,No.22 Akmeemana,FAM000055,2023-01-28,Active,
56,3,No.44 Pinnaduwa,FAM000056,2023-02-05,Active,
57,3,No.59 Kahaduwa,FAM000057,2023-02-14,Active,
58,3,No.71 Ihalagoda,FAM000058,2023-02-22,Active,
59,3,No.18 Akmeemana,FAM000059,2023-03-01,Active,
60,3,No.95 Pinnaduwa,FAM000060,2023-03-10,Active,
61,3,No.11 Kahaduwa,FAM000061,2023-03-18,Active,
62,3,No.37 Ihalagoda,FAM000062,2023-03-25,Active,
63,3,No.54 Akmeemana,FAM000063,2023-04-03,Active,
64,3,No.73 Pinnaduwa,FAM000064,2023-04-11,Active,
65,3,No.28 Kahaduwa,FAM000065,2023-04-19,Active,
66,3,No.61 Ihalagoda,FAM000066,2023-04-27,Active,
67,3,No.89 Akmeemana,FAM000067,2023-05-05,Active,
68,3,No.16 Pinnaduwa,FAM000068,2023-05-13,Active,
69,3,No.48 Kahaduwa,FAM000069,2023-05-22,Active,
70,3,No.82 Ihalagoda,FAM000070,2023-05-30,Active,
71,3,No.33 Akmeemana,FAM000071,2023-06-08,Active,
72,3,No.58 Pinnaduwa,FAM000072,2023-06-16,Active,
73,3,No.75 Kahaduwa,FAM000073,2023-06-23,Active,
74,3,No.09 Ihalagoda,FAM000074,2023-06-30,Active,
75,3,No.97 Akmeemana,FAM000075,2023-07-07,Active,

76,4,No.10 Baddegama,FAM000076,2023-01-05,Active,
77,4,No.35 Wanduramba,FAM000077,2023-01-12,Active,
78,4,No.69 Halpathota,FAM000078,2023-01-19,Active,
79,4,No.83 Ginimellagaha,FAM000079,2023-01-27,Active,
80,4,No.25 Baddegama,FAM000080,2023-02-03,Active,
81,4,No.48 Wanduramba,FAM000081,2023-02-11,Active,
82,4,No.72 Halpathota,FAM000082,2023-02-18,Active,
83,4,No.91 Ginimellagaha,FAM000083,2023-02-27,Active,
84,4,No.14 Baddegama,FAM000084,2023-03-06,Active,
85,4,No.31 Wanduramba,FAM000085,2023-03-15,Active,
86,4,No.56 Halpathota,FAM000086,2023-03-22,Active,
87,4,No.79 Ginimellagaha,FAM000087,2023-03-30,Active,
88,4,No.22 Baddegama,FAM000088,2023-04-08,Active,
89,4,No.44 Wanduramba,FAM000089,2023-04-16,Active,
90,4,No.68 Halpathota,FAM000090,2023-04-24,Active,
91,4,No.95 Ginimellagaha,FAM000091,2023-05-02,Active,
92,4,No.16 Baddegama,FAM000092,2023-05-11,Active,
93,4,No.37 Wanduramba,FAM000093,2023-05-19,Active,
94,4,No.62 Halpathota,FAM000094,2023-05-28,Active,
95,4,No.88 Ginimellagaha,FAM000095,2023-06-05,Active,
96,4,No.26 Baddegama,FAM000096,2023-06-13,Active,
97,4,No.51 Wanduramba,FAM000097,2023-06-21,Active,
98,4,No.77 Halpathota,FAM000098,2023-06-29,Active,
99,4,No.99 Ginimellagaha,FAM000099,2023-07-06,Active,
100,4,No.40 Baddegama,FAM000100,2023-07-13,Active,

101,5,No.18 Balapitiya,FAM000101,2023-01-08,Active,
102,5,No.42 Ahungalla,FAM000102,2023-01-15,Active,
103,5,No.63 Kosgoda,FAM000103,2023-01-23,Active,
104,5,No.85 Maduganga,FAM000104,2023-01-30,Active,
105,5,No.29 Balapitiya,FAM000105,2023-02-08,Active,
106,5,No.47 Ahungalla,FAM000106,2023-02-15,Active,
107,5,No.70 Kosgoda,FAM000107,2023-02-24,Active,
108,5,No.91 Maduganga,FAM000108,2023-03-02,Active,
109,5,No.14 Balapitiya,FAM000109,2023-03-11,Active,
110,5,No.38 Ahungalla,FAM000110,2023-03-19,Active,
111,5,No.57 Kosgoda,FAM000111,2023-03-28,Active,
112,5,No.82 Maduganga,FAM000112,2023-04-05,Active,
113,5,No.25 Balapitiya,FAM000113,2023-04-13,Active,
114,5,No.49 Ahungalla,FAM000114,2023-04-21,Active,
115,5,No.73 Kosgoda,FAM000115,2023-04-30,Active,
116,5,No.94 Maduganga,FAM000116,2023-05-08,Active,
117,5,No.17 Balapitiya,FAM000117,2023-05-17,Active,
118,5,No.43 Ahungalla,FAM000118,2023-05-25,Active,
119,5,No.66 Kosgoda,FAM000119,2023-06-02,Active,
120,5,No.89 Maduganga,FAM000120,2023-06-10,Active,
121,5,No.31 Balapitiya,FAM000121,2023-06-18,Active,
122,5,No.55 Ahungalla,FAM000122,2023-06-26,Active,
123,5,No.78 Kosgoda,FAM000123,2023-07-04,Active,
124,5,No.96 Maduganga,FAM000124,2023-07-12,Active,
125,5,No.21 Balapitiya,FAM000125,2023-07-20,Active,


