moh_area_id,district_id,moh_name,location
1,1,Galle,Galle
2,1,Bope-Poddala,Bope
3,1,Akmeemana,Akmeemana
4,1,Baddegama,Baddegama
5,1,Balapitiya,Balapitiya
6,1,Bentota-Elpitiya,Elpitiya
7,1,Habaraduwa,Habaraduwa
8,1,Imaduwa,Imaduwa
9,1,Karandeniya,Karandeniya
10,1,Neluwa,Neluwa
11,1,Rathgama,Rathgama
12,1,Yakkalamulla,Yakkalamulla
13,1,Ambalangoda,Ambalangoda
14,1,Hiniduma,Hiniduma
15,1,Nagoda,Nagoda
16,1,Thawalama,Thawalama
17,1,Udugama,Udugama
18,1,Welivitiya,Welivitiya
19,1,Gonapinuwala,Gonapinuwala
20,1,Koggala,Koggala
,,,
21,2,Matara,Matara
22,2,Akuressa,Akuressa
23,2,Athuraliya,Athuraliya
24,2,Dikwella,Dikwella
25,2,Hakmana,Hakmana
26,2,Kamburupitiya,Kamburupitiya
27,2,Kotapola,Kotapola
28,2,Malimbada,Malimbada
29,2,Morawaka,Morawaka
30,2,Mulatiyana,Mulatiyana
31,2,Pasgoda,Pasgoda
32,2,Pitabeddara,Pitabeddara
33,2,Weligama,Weligama
34,2,Deniyaya,Deniyaya
35,2,Kirinda-Puhulwella,Kirinda
,,,
37,2,Devinuwara,Dondra
38,2,Gandara,Gandara
39,2,Kekanadura,Kekanadura
40,2,Thihagoda,Thihagoda
,,,
41,3,Hambantota,Hambantota
42,3,Ambalantota,Ambalantota
43,3,Angunakolapelessa,Angunakolapelessa
44,3,Beliatta,Beliatta
45,3,Katuwana,Katuwana
46,3,Lunugamvehera,Lunugamvehera
47,3,Okewela,Okewela
48,3,Suriyawewa,Suriyawewa
49,3,Tangalle,Tangalle
50,3,Tissamaharama,Tissamaharama
51,3,Walasmulla,Walasmulla
52,3,Weeraketiya,Weeraketiya
53,3,Sooriyawewa North,Sooriyawewa
54,3,Sooriyawewa South,Sooriyawewa
55,3,Yala,Yala
56,3,Kirinda,Kirinda
57,3,Debarawewa,Debarawewa
58,3,Ranna,Ranna
59,3,Netolpitiya,Netolpitiya
60,3,Hungama,Hungama
