person_id,family_id,person_role_id,nic,first_name,middle_name,last_name,gender,date_of_birth,phone,email,education_level,occupation,blood_group,marital_status,is_guardian,status
1,1,1,908451236V,Nadeesha,,Perera,Female,4/12/1990,775123401,nadeesha.perera1@example.com,G.C.E. A/L,Housewife,O+,Married,1,Active
2,1,2,881231456V,Kasun,,Perera,Male,1/23/1988,775123402,kasun.perera1@example.com,G.C.E. A/L,Carpenter,B+,Married,1,Active
3,1,3,,Yasiru,,Perera,Male,8/14/2022,,,,,O+,Single,0,Active
4,1,3,,Sithuli,,Perera,Female,1/20/2024,,,,,B+,Single,0,Active
,,,,,,,,,,,,,,,,
5,2,1,927654321V,Dilani,,Silva,Female,7/8/1992,775123403,dilani.silva2@example.com,Diploma,Teacher,A+,Married,1,Active
6,2,2,901119876V,Nuwan,,Silva,Male,11/19/1990,775123404,nuwan.silva2@example.com,G.C.E. O/L,Electrician,O+,Married,1,Active
7,2,3,,Senuri,,Silva,Female,3/10/2023,,,,,A+,Single,0,Active
8,2,5,611245678V,Piyasena,,Silva,Male,12/5/1961,775123405,,Grade 8,Retired Farmer,O+,Widowed,0,Active
,,,,,,,,,,,,,,,,
9,3,1,936781245V,Tharushi,,Fernando,Female,9/17/1993,775123406,tharushi.fernando3@example.com,G.C.E. A/L,Nurse,AB+,Married,1,Active
10,3,2,911456782V,Ruwan,,Fernando,Male,2/14/1991,775123407,ruwan.fernando3@example.com,Diploma,Technician,B+,Married,1,Active
11,3,3,,Methumi,,Fernando,Female,5/18/2021,,,,,AB+,Single,0,Active
12,3,3,,Senuja,,Fernando,Male,2/2/2024,,,,,B+,Single,0,Active
,,,,,,,,,,,,,,,,
13,4,1,899872341V,Ishani,,Jayawardena,Female,8/30/1989,775123408,ishani.j4@example.com,G.C.E. A/L,Housewife,O-,Married,1,Active
14,4,2,870234567V,Pradeep,,Jayawardena,Male,3/27/1987,775123409,pradeep.j4@example.com,G.C.E. A/L,Driver,A+,Married,1,Active
15,4,3,,Dineth,,Jayawardena,Male,11/11/2020,,,,,O-,Single,0,Active
16,4,3,,Hasini,,Jayawardena,Female,12/1/2023,,,,,A+,Single,0,Active
,,,,,,,,,,,,,,,,
17,5,1,947563214V,Sandamali,,Gunawardena,Female,5/6/1994,775123410,sandamali.g5@example.com,Diploma,Bank Officer,B-,Married,1,Active
18,5,2,920123456V,Chathura,,Gunawardena,Male,1/9/1992,775123411,chathura.g5@example.com,G.C.E. A/L,Sales Executive,O+,Married,1,Active
19,5,3,,Aken,,Gunawardena,Male,4/9/2022,,,,,B-,Single,0,Active
20,5,3,,Sethmi,,Gunawardena,Female,1/18/2025,,,,,O+,Single,0,Active
,,,,,,,,,,,,,,,,
21,6,1,918234561V,Nilmini,,Dias,Female,10/15/1991,775123412,nilmini.d6@example.com,G.C.E. O/L,Tailor,A-,Married,1,Active
22,6,2,900876543V,Anjana,,Dias,Male,8/21/1990,775123413,anjana.d6@example.com,G.C.E. A/L,Police Officer,O+,Married,1,Active
23,6,3,,Kavindu,,Dias,Male,7/22/2021,,,,,A-,Single,0,Active
24,6,3,,Nethara,,Dias,Female,9/3/2023,,,,,O+,Single,0,Active
25,6,5,590987654V,Somawathi,,Dias,Female,6/28/1959,775123414,,Grade 5,Retired,O+,Widowed,0,Active
,,,,,,,,,,,,,,,,
person_id,family_id,person_role_id,nic,first_name,middle_name,last_name,gender,date_of_birth,phone,email,education_level,occupation,blood_group,marital_status,is_guardian,status
26,7,1,936542178V,Harshani,,Perera,Female,6/18/1993,775123415,harshani.p7@example.com,G.C.E. A/L,Preschool Teacher,A+,Married,1,Active
27,7,2,911345672V,Dinesh,,Perera,Male,3/12/1991,775123416,dinesh.p7@example.com,Diploma,Electrician,O+,Married,1,Active
28,7,3,,Tharindu,,Perera,Male,10/8/2022,,,,,A+,Single,0,Active
29,7,3,,Sehansa,,Perera,Female,4/17/2024,,,,,O+,Single,0,Active
,,,,,,,,,,,,,,,,
30,8,1,908934561V,Pabasari,,Silva,Female,9/24/1990,775123417,pabasari.s8@example.com,G.C.E. A/L,Housewife,B+,Married,1,Active
31,8,2,880765432V,Chamara,,Silva,Male,7/5/1988,775123418,chamara.s8@example.com,G.C.E. O/L,Three Wheeler Driver,O+,Married,1,Active
32,8,3,,Ovin,,Silva,Male,12/2/2021,,,,,B+,Single,0,Active
33,8,5,620567891V,Sunethra,,Silva,Female,5/19/1962,775123419,,Grade 8,Retired,A+,Widowed,0,Active
,,,,,,,,,,,,,,,,
34,9,1,956781234V,Sachini,,Fernando,Female,2/11/1995,775123420,sachini.f9@example.com,Diploma,PHI Assistant,AB+,Married,1,Active
35,9,2,930456781V,Prabath,,Fernando,Male,4/27/1993,775123421,prabath.f9@example.com,G.C.E. A/L,Shop Owner,B+,Married,1,Active
36,9,3,,Kavishka,,Fernando,Male,1/16/2023,,,,,AB+,Single,0,Active
37,9,3,,Minuri,,Fernando,Female,2/8/2025,,,,,B+,Single,0,Active
,,,,,,,,,,,,,,,,
38,10,1,927894561V,Nirosha,,Jayasinghe,Female,8/9/1992,775123422,nirosha.j10@example.com,G.C.E. A/L,Development Officer,O+,Married,1,Active
39,10,2,901234987V,Lahiru,,Jayasinghe,Male,1/31/1990,775123423,lahiru.j10@example.com,Diploma,ICT Technician,A+,Married,1,Active
40,10,3,,Nethuli,,Jayasinghe,Female,9/14/2020,,,,,O+,Single,0,Active
41,10,3,,Sadev,,Jayasinghe,Male,6/1/2024,,,,,A+,Single,0,Active
,,,,,,,,,,,,,,,,
42,11,1,946783219V,Upeksha,,Gunasekara,Female,3/22/1994,775123424,upeksha.g11@example.com,G.C.E. A/L,Housewife,B-,Married,1,Active
43,11,2,920876541V,Eranga,,Gunasekara,Male,11/15/1992,775123425,eranga.g11@example.com,G.C.E. A/L,Army Sergeant,O+,Married,1,Active
44,11,3,,Sethun,,Gunasekara,Male,2/18/2022,,,,,B-,Single,0,Active
45,11,5,600345678V,Jinawathi,,Gunasekara,Female,1/5/1960,775123426,,Primary,Retired,O+,Widowed,0,Active
,,,,,,,,,,,,,,,,
46,12,1,918567432V,Madhavi,,Dias,Female,12/28/1991,775123427,madhavi.d12@example.com,Diploma,Nurse,A-,Married,1,Active
47,12,2,890987654V,Roshan,,Dias,Male,5/17/1989,775123428,roshan.d12@example.com,G.C.E. A/L,Private Employee,O+,Married,1,Active
48,12,3,,Yehansa,,Dias,Female,8/6/2021,,,,,A-,Single,0,Active
49,12,3,,Dinuka,,Dias,Male,11/20/2023,,,,,O+,Single,0,Active
50,12,5,580456789V,Siriyawathi,,Dias,Female,9/13/1958,775123429,,Grade 5,Retired,B+,Widowed,0,Active
person_id,family_id,person_role_id,nic,first_name,middle_name,last_name,gender,date_of_birth,phone,email,education_level,occupation,blood_group,marital_status,is_guardian,status
51,13,1,929845671V,Rashmi,,Perera,Female,9/14/1992,775123430,rashmi.p13@example.com,G.C.E. A/L,Housewife,O+,Married,1,Active
52,13,2,900876432V,Sampath,,Perera,Male,6/28/1990,775123431,sampath.p13@example.com,Diploma,Electrician,B+,Married,1,Active
53,13,3,,Senuja,,Perera,Male,2/17/2021,,,,,O+,Single,0,Active
54,13,3,,Dinuli,,Perera,Female,5/8/2024,,,,,B+,Single,0,Active
,,,,,,,,,,,,,,,,
55,14,1,947563821V,Nilmini,,Silva,Female,7/9/1994,775123432,nilmini.s14@example.com,Diploma,Teacher,A+,Married,1,Active
56,14,2,921234678V,Pramod,,Silva,Male,12/11/1992,775123433,pramod.s14@example.com,G.C.E. A/L,Private Employee,O+,Married,1,Active
57,14,3,,Oshen,,Silva,Male,6/14/2023,,,,,A+,Single,0,Active
58,14,5,611234980V,Somapala,,Silva,Male,10/21/1961,775123434,,Grade 8,Retired Farmer,O+,Widowed,0,Active
,,,,,,,,,,,,,,,,
59,15,1,938765214V,Kaushalya,,Fernando,Female,11/19/1993,775123435,kaushalya.f15@example.com,G.C.E. A/L,Development Officer,B+,Married,1,Active
60,15,2,910567823V,Chathura,,Fernando,Male,8/6/1991,775123436,chathura.f15@example.com,Diploma,Technician,A+,Married,1,Active
61,15,3,,Yehan,,Fernando,Male,1/30/2022,,,,,B+,Single,0,Active
62,15,3,,Sasindi,,Fernando,Female,8/3/2024,,,,,A+,Single,0,Active
,,,,,,,,,,,,,,,,
63,16,1,899876543V,Dinushi,,Jayasinghe,Female,5/27/1989,775123437,dinushi.j16@example.com,G.C.E. A/L,Housewife,O-,Married,1,Active
64,16,2,870654321V,Roshan,,Jayasinghe,Male,2/13/1987,775123438,roshan.j16@example.com,G.C.E. O/L,Driver,B+,Married,1,Active
65,16,3,,Nethuli,,Jayasinghe,Female,7/22/2020,,,,,O-,Single,0,Active
66,16,3,,Savin,,Jayasinghe,Male,10/29/2023,,,,,B+,Single,0,Active
,,,,,,,,,,,,,,,,
67,17,1,958432176V,Harshani,,Gunasekara,Female,1/18/1995,775123439,harshani.g17@example.com,Diploma,Nurse,AB+,Married,1,Active
68,17,2,931245678V,Eranga,,Gunasekara,Male,9/5/1993,775123440,eranga.g17@example.com,G.C.E. A/L,Police Officer,O+,Married,1,Active
69,17,3,,Akeesha,,Gunasekara,Female,3/26/2023,,,,,AB+,Single,0,Active
70,17,5,600987654V,Premawathi,,Gunasekara,Female,4/16/1960,775123441,,Primary,Retired,O+,Widowed,0,Active
,,,,,,,,,,,,,,,,
71,18,1,919876345V,Sandamali,,Dias,Female,10/8/1991,775123442,sandamali.d18@example.com,G.C.E. A/L,Tailor,A-,Married,1,Active
72,18,2,900234561V,Lahiru,,Dias,Male,1/24/1990,775123443,lahiru.d18@example.com,Diploma,Army Sergeant,O+,Married,1,Active
73,18,3,,Kavindu,,Dias,Male,9/18/2021,,,,,A-,Single,0,Active
74,18,3,,Sehansa,,Dias,Female,2/11/2024,,,,,O+,Single,0,Active
75,18,5,590876234V,Karunawathi,,Dias,Female,12/3/1959,775123444,,Grade 5,Retired,B+,Widowed,0,Active
,,,,,,,,,,,,,,,,
person_id,family_id,person_role_id,nic,first_name,middle_name,last_name,gender,date_of_birth,phone,email,education_level,occupation,blood_group,marital_status,is_guardian,status
76,19,1,937654218V,Nadeeka,,Perera,Female,7/21/1993,775123445,nadeeka.p19@example.com,G.C.E. A/L,Teacher,B+,Married,1,Active
77,19,2,911237654V,Ravindu,,Perera,Male,4/18/1991,775123446,ravindu.p19@example.com,Diploma,Electrician,O+,Married,1,Active
78,19,3,,Methsara,,Perera,Male,6/11/2022,,,,,B+,Single,0,Active
79,19,3,,Vihangi,,Perera,Female,9/3/2024,,,,,O+,Single,0,Active
,,,,,,,,,,,,,,,,
80,20,1,928765431V,Thilini,,Silva,Female,8/13/1992,775123447,thilini.s20@example.com,Diploma,Nurse,A+,Married,1,Active
81,20,2,900345612V,Niroshan,,Silva,Male,10/26/1990,775123448,niroshan.s20@example.com,G.C.E. A/L,Police Officer,O+,Married,1,Active
82,20,3,,Sithum,,Silva,Male,11/9/2021,,,,,A+,Single,0,Active
83,20,5,611567234V,Mallika,,Silva,Female,8/30/1961,775123449,,Grade 8,Retired,O+,Widowed,0,Active
,,,,,,,,,,,,,,,,
84,21,1,949832165V,Priyanka,,Fernando,Female,3/5/1994,775123450,priyanka.f21@example.com,G.C.E. A/L,Housewife,AB+,Married,1,Active
85,21,2,921876345V,Dhanushka,,Fernando,Male,1/19/1992,775123451,dhanushka.f21@example.com,Diploma,Technician,B+,Married,1,Active
86,21,3,,Yasas,,Fernando,Male,4/28/2023,,,,,AB+,Single,0,Active
87,21,3,,Nimsi,,Fernando,Female,2/16/2025,,,,,B+,Single,0,Active
,,,,,,,,,,,,,,,,
88,22,1,917654892V,Chathurika,,Jayawardena,Female,9/17/1991,775123452,chathurika.j22@example.com,G.C.E. A/L,Development Officer,O-,Married,1,Active
89,22,2,891234765V,Sanjeewa,,Jayawardena,Male,5/11/1989,775123453,sanjeewa.j22@example.com,G.C.E. A/L,Driver,A+,Married,1,Active
90,22,3,,Dineth,,Jayawardena,Male,8/22/2020,,,,,O-,Single,0,Active
,,,,,,,,,,,,,,,,
91,23,1,958761234V,Lasanthi,,Gunasekara,Female,6/9/1995,775123454,lasanthi.g23@example.com,Diploma,Bank Officer,B-,Married,1,Active
92,23,2,931567842V,Prabath,,Gunasekara,Male,12/1/1993,775123455,prabath.g23@example.com,G.C.E. A/L,Sales Executive,O+,Married,1,Active
93,23,3,,Ayen,,Gunasekara,Male,2/24/2022,,,,,B-,Single,0,Active
94,23,5,600123478V,Jayawathi,,Gunasekara,Female,6/12/1960,775123456,,Primary,Retired,O+,Widowed,0,Active
,,,,,,,,,,,,,,,,
95,24,1,926543178V,Udani,,Dias,Female,2/27/1992,775123457,udani.d24@example.com,G.C.E. A/L,Tailor,A-,Married,1,Active
96,24,2,901876234V,Chamara,,Dias,Male,7/3/1990,775123458,chamara.d24@example.com,Diploma,Army Sergeant,O+,Married,1,Active
97,24,3,,Kethmi,,Dias,Female,10/15/2021,,,,,A-,Single,0,Active
,,,,,,,,,,,,,,,,
98,25,1,948765213V,Shashikala,,Peris,Female,11/30/1994,775123459,shashikala.p25@example.com,Diploma,PHI Assistant,A+,Married,1,Active
99,25,2,920345761V,Indika,,Peris,Male,3/8/1992,775123460,indika.p25@example.com,G.C.E. A/L,Private Employee,O+,Married,1,Active
100,25,3,,Yuhas,,Peris,Male,7/20/2023,,,,,A+,Single,0,Active
,,,,,,,,,,,,,,,,
,,,,,,,,,,,,,,,,
person_id,family_id,person_role_id,nic,first_name,middle_name,last_name,gender,date_of_birth,phone,email,education_level,occupation,blood_group,marital_status,is_guardian,status
151,38,1,927854361V,Chamari,,Perera,Female,4/15/1992,775123511,chamari.p38@example.com,G.C.E. A/L,Teacher,A+,Married,1,Active
152,38,2,901245673V,Ramesh,,Perera,Male,1/22/1990,775123512,ramesh.p38@example.com,Diploma,Electrician,O+,Married,1,Active
153,38,3,,Senuka,,Perera,Male,3/18/2022,,,,,A+,Single,0,Active
154,38,3,,Sethmi,,Perera,Female,1/11/2024,,,,,O+,Single,0,Active
,,,,,,,,,,,,,,,,
155,39,1,948731265V,Nadeesha,,Silva,Female,8/27/1994,775123513,nadeesha.s39@example.com,Diploma,Nurse,B+,Married,1,Active
156,39,2,920145378V,Sampath,,Silva,Male,6/14/1992,775123514,sampath.s39@example.com,G.C.E. A/L,Police Officer,O+,Married,1,Active
157,39,3,,Kavindu,,Silva,Male,5/9/2023,,,,,B+,Single,0,Active
158,39,5,611234765V,Somawathi,,Silva,Female,9/3/1961,775123515,,Grade 8,Retired,A+,Widowed,0,Active
,,,,,,,,,,,,,,,,
159,40,1,936742518V,Ishara,,Fernando,Female,12/6/1993,775123516,ishara.f40@example.com,G.C.E. A/L,Development Officer,AB+,Married,1,Active
160,40,2,910845632V,Chathura,,Fernando,Male,2/25/1991,775123517,chathura.f40@example.com,Diploma,Technician,B+,Married,1,Active
161,40,3,,Yehansa,,Fernando,Female,10/19/2021,,,,,AB+,Single,0,Active
162,40,3,,Senuja,,Fernando,Male,4/7/2024,,,,,B+,Single,0,Active
,,,,,,,,,,,,,,,,
163,41,1,899651247V,Pabasari,,Jayasinghe,Female,9/18/1989,775123518,pabasari.j41@example.com,G.C.E. A/L,Housewife,O-,Married,1,Active
164,41,2,871245369V,Pradeep,,Jayasinghe,Male,7/1/1987,775123519,pradeep.j41@example.com,G.C.E. O/L,Driver,A+,Married,1,Active
165,41,3,,Dineth,,Jayasinghe,Male,6/30/2020,,,,,O-,Single,0,Active
166,41,3,,Nethuli,,Jayasinghe,Female,9/15/2023,,,,,A+,Single,0,Active
,,,,,,,,,,,,,,,,
167,42,1,958412736V,Sandamali,,Gunawardena,Female,3/8/1995,775123520,sandamali.g42@example.com,Diploma,Bank Officer,B-,Married,1,Active
168,42,2,930567421V,Eranga,,Gunawardena,Male,11/16/1993,775123521,eranga.g42@example.com,G.C.E. A/L,Sales Executive,O+,Married,1,Active
169,42,3,,Aken,,Gunawardena,Male,8/24/2022,,,,,B-,Single,0,Active
170,42,5,600234871V,Jinawathi,,Gunawardena,Female,2/12/1960,775123522,,Primary,Retired,O+,Widowed,0,Active
,,,,,,,,,,,,,,,,
171,43,1,919742568V,Madhavi,,Dias,Female,11/21/1991,775123523,madhavi.d43@example.com,G.C.E. A/L,Tailor,A-,Married,1,Active
172,43,2,900876215V,Lahiru,,Dias,Male,4/9/1990,775123524,lahiru.d43@example.com,Diploma,Army Sergeant,O+,Married,1,Active
173,43,3,,Kethmi,,Dias,Female,7/26/2021,,,,,A-,Single,0,Active
174,43,3,,Yuhas,,Dias,Male,2/28/2024,,,,,O+,Single,0,Active
175,43,5,590456782V,Karunawathi,,Dias,Female,8/17/1959,775123525,,Grade 5,Retired,B+,Widowed,0,Active
,,,,,,,,,,,,,,,,
person_id,family_id,person_role_id,nic,first_name,middle_name,last_name,gender,date_of_birth,phone,email,education_level,occupation,blood_group,marital_status,is_guardian,status
176,44,1,938764215V,Dilani,,Perera,Female,5/14/1993,775123526,dilani.p44@example.com,G.C.E. A/L,Teacher,A+,Married,1,Active
177,44,2,911345278V,Nuwan,,Perera,Male,1/26/1991,775123527,nuwan.p44@example.com,Diploma,Electrician,O+,Married,1,Active
178,44,3,,Yasiru,,Perera,Male,4/11/2022,,,,,A+,Single,0,Active
179,44,3,,Dinaya,,Perera,Female,3/7/2024,,,,,O+,Single,0,Active
,,,,,,,,,,,,,,,,
180,45,1,929856741V,Tharushi,,Silva,Female,10/2/1992,775123528,tharushi.s45@example.com,Diploma,Nurse,B+,Married,1,Active
181,45,2,901245786V,Roshan,,Silva,Male,9/15/1990,775123529,roshan.s45@example.com,G.C.E. A/L,Police Officer,O+,Married,1,Active
182,45,3,,Sithum,,Silva,Male,12/9/2021,,,,,B+,Single,0,Active
183,45,5,611987234V,Premawathi,,Silva,Female,4/20/1961,775123530,,Grade 8,Retired,A+,Widowed,0,Active
,,,,,,,,,,,,,,,,
184,46,1,947652813V,Nilmini,,Fernando,Female,7/29/1994,775123531,nilmini.f46@example.com,G.C.E. A/L,Development Officer,AB+,Married,1,Active
185,46,2,920456173V,Prabath,,Fernando,Male,5/6/1992,775123532,prabath.f46@example.com,Diploma,Technician,B+,Married,1,Active
186,46,3,,Nethuli,,Fernando,Female,1/18/2023,,,,,AB+,Single,0,Active
187,46,3,,Sadev,,Fernando,Male,2/10/2025,,,,,B+,Single,0,Active
,,,,,,,,,,,,,,,,
188,47,1,899543216V,Pabasari,,Jayawardena,Female,8/21/1989,775123533,pabasari.j47@example.com,G.C.E. A/L,Housewife,O-,Married,1,Active
189,47,2,870234891V,Chamara,,Jayawardena,Male,11/4/1987,775123534,chamara.j47@example.com,G.C.E. O/L,Driver,A+,Married,1,Active
190,47,3,,Dineth,,Jayawardena,Male,10/30/2020,,,,,O-,Single,0,Active
,,,,,,,,,,,,,,,,
191,48,1,958741326V,Sachini,,Gunawardena,Female,1/17/1995,775123535,sachini.g48@example.com,Diploma,Bank Officer,B-,Married,1,Active
192,48,2,931567248V,Eranga,,Gunawardena,Male,6/28/1993,775123536,eranga.g48@example.com,G.C.E. A/L,Sales Executive,O+,Married,1,Active
193,48,3,,Akeesha,,Gunawardena,Female,9/5/2022,,,,,B-,Single,0,Active
194,48,5,600876341V,Jayawathi,,Gunawardena,Female,12/15/1960,775123537,,Primary,Retired,O+,Widowed,0,Active
,,,,,,,,,,,,,,,,
195,49,1,918763452V,Upeksha,,Dias,Female,9/13/1991,775123538,upeksha.d49@example.com,G.C.E. A/L,Tailor,A-,Married,1,Active
196,49,2,900234876V,Lahiru,,Dias,Male,3/1/1990,775123539,lahiru.d49@example.com,Diploma,Army Sergeant,O+,Married,1,Active
197,49,3,,Kavindu,,Dias,Male,6/19/2021,,,,,A-,Single,0,Active
,,,,,,,,,,,,,,,,
198,50,1,948765321V,Shashikala,,Peris,Female,12/8/1994,775123540,shashikala.p50@example.com,Diploma,PHM Assistant,A+,Married,1,Active
199,50,2,920345678V,Indika,,Peris,Male,2/14/1992,775123541,indika.p50@example.com,G.C.E. A/L,Private Employee,O+,Married,1,Active
200,50,3,,Yehan,,Peris,Male,8/16/2023,,,,,A+,Single,0,Active
