pregnancy_id,mother_id,registered_date,booking_date,last_menstrual_period,expected_delivery_date,pregnancy_age_at_registration,gravida,para,abortions,living_children,bmi_at_booking,hemoglobin_level,blood_pressure,pregnancy_type,risk_status,current_status,remarks
1,1,12/20/2021,12/22/2021,10/15/2021,7/22/2022,9,1,0,0,0,22.4,12.1,110/70,Singleton,Low,Delivered,
2,5,6/12/2022,6/15/2022,4/8/2022,1/13/2023,10,2,1,0,1,23.1,11.8,110/70,Singleton,Low,Delivered,
3,9,3/5/2023,3/7/2023,1/1/2023,10/8/2023,9,1,0,0,0,21.8,12.6,120/80,Singleton,Low,Delivered,
4,13,8/18/2021,8/20/2021,6/14/2021,3/21/2022,9,2,1,0,1,24.5,11.4,120/80,Singleton,Moderate,Delivered,
5,17,1/9/2022,1/11/2022,11/3/2021,8/10/2022,10,1,0,0,0,20.7,12.3,110/70,Singleton,Low,Delivered,
6,21,9/2/2022,9/5/2022,7/1/2022,4/7/2023,9,3,2,0,2,25.2,11.5,120/80,Singleton,Moderate,Delivered,
7,26,5/16/2023,5/18/2023,3/10/2023,12/15/2023,9,1,0,0,0,22.9,12.8,110/70,Singleton,Low,Delivered,
8,30,11/4/2021,11/6/2021,8/29/2021,6/5/2022,10,2,1,0,1,23.8,11.9,120/80,Singleton,Low,Delivered,
9,34,2/10/2023,2/13/2023,12/5/2022,9/11/2023,10,1,0,0,0,21.9,12.5,110/70,Singleton,Low,Delivered,
10,38,7/25/2022,7/28/2022,5/20/2022,2/24/2023,9,2,1,0,1,24.1,11.6,120/80,Singleton,Low,Delivered,
11,42,4/3/2023,4/6/2023,1/28/2023,11/4/2023,9,1,0,0,0,22.6,12.2,110/70,Singleton,Low,Delivered,
12,46,10/8/2021,10/10/2021,8/3/2021,5/10/2022,9,2,1,0,1,23.4,11.7,120/80,Singleton,Moderate,Delivered,
13,51,5/18/2022,5/21/2022,3/12/2022,12/17/2022,9,1,0,0,0,22,12.9,110/70,Singleton,Low,Delivered,
14,55,1/15/2023,1/18/2023,11/10/2022,8/17/2023,9,1,0,0,0,21.6,12.4,110/70,Singleton,Low,Delivered,
15,59,3/11/2022,3/14/2022,1/5/2022,10/12/2022,9,2,1,0,1,24.8,11.3,120/80,Singleton,Moderate,Delivered,
16,63,12/1/2021,12/3/2021,9/25/2021,7/2/2022,9,3,2,0,2,25.5,11.2,130/80,Singleton,Moderate,Delivered,
17,67,6/5/2023,6/7/2023,3/31/2023,1/5/2024,9,1,0,0,0,22.1,12.6,110/70,Singleton,Low,Ongoing,
18,71,4/20/2022,4/23/2022,2/14/2022,11/21/2022,9,2,1,0,1,23.2,11.8,120/80,Singleton,Low,Delivered,
19,76,3/1/2023,3/3/2023,12/24/2022,9/30/2023,9,1,0,0,0,22.7,12.5,110/70,Singleton,Low,Delivered,
20,80,8/14/2022,8/16/2022,6/8/2022,3/15/2023,9,2,1,0,1,23.9,11.7,120/80,Singleton,Low,Delivered,
21,84,2/2/2023,2/5/2023,11/27/2022,9/3/2023,9,1,0,0,0,21.8,12.8,110/70,Singleton,Low,Delivered,
22,88,1/18/2022,1/21/2022,11/12/2021,8/19/2022,9,2,1,0,1,24.3,11.5,120/80,Singleton,Moderate,Delivered,
23,91,5/11/2023,5/13/2023,3/6/2023,12/11/2023,9,1,0,0,0,22.4,12.4,110/70,Singleton,Low,Delivered,
24,95,6/30/2022,7/3/2022,4/24/2022,1/29/2023,9,2,1,0,1,23.6,11.8,120/80,Singleton,Low,Delivered,
25,98,7/1/2023,7/4/2023,4/25/2023,1/30/2024,9,1,0,0,0,21.9,12.7,110/70,Singleton,Low,Ongoing,
,,,,,,,,,,,,,,,,,
,,,,,,,,,,,,,,,,,
,,,,,,,,,,,,,,,,,
,,,,,,,,,,,,,,,,,
,,,,,,,,,,,,,,,,,
,,,,,,,,,,,,,,,,,
,,,,,,,,,,,,,,,,,
,,,,,,,,,,,,,,,,,
,,,,,,,,,,,,,,,,,
,,,,,,,,,,,,,,,,,
,,,,,,,,,,,,,,,,,
,,,,,,,,,,,,,,,,,
,,,,,,,,,,,,,,,,,
38,151,3/15/2022,3/17/2022,1/8/2022,10/15/2022,9,2,1,0,1,24.7,11.5,120/80,Singleton,Moderate,Delivered,
39,155,6/10/2023,6/12/2023,4/5/2023,1/10/2024,9,1,0,0,0,21.9,12.8,110/70,Singleton,Low,Ongoing,
40,159,4/25/2022,4/28/2022,2/18/2022,11/25/2022,9,2,1,0,1,23.6,11.7,120/80,Singleton,Low,Delivered,
41,163,11/30/2021,12/2/2021,9/24/2021,7/1/2022,9,3,2,0,2,25.3,11.2,130/80,Singleton,Moderate,Delivered,
42,167,5/22/2023,5/24/2023,3/17/2023,12/22/2023,9,1,0,0,0,22.5,12.4,110/70,Singleton,Low,Delivered,
43,171,6/28/2022,6/30/2022,4/22/2022,1/27/2023,9,2,1,0,1,23.8,11.8,120/80,Singleton,Low,Delivered,
44,176,2/8/2023,2/10/2023,12/3/2022,9/9/2023,9,1,0,0,0,21.8,12.7,110/70,Singleton,Low,Delivered,
45,180,8/12/2022,8/15/2022,6/7/2022,3/14/2023,9,2,1,0,1,24.2,11.5,120/80,Singleton,Low,Delivered,
46,184,3/19/2023,3/21/2023,1/13/2023,10/20/2023,9,1,0,0,0,22.6,12.5,110/70,Singleton,Low,Delivered,
47,188,2/16/2022,2/18/2022,12/12/2021,9/18/2022,9,2,1,0,1,23.9,11.6,120/80,Singleton,Moderate,Delivered,
48,191,4/9/2023,4/11/2023,2/2/2023,11/9/2023,9,1,0,0,0,22.3,12.6,110/70,Singleton,Low,Delivered,
49,195,5/3/2022,5/5/2022,2/26/2022,12/3/2022,9,2,1,0,1,23.5,11.8,120/80,Singleton,Low,Delivered,
50,198,7/11/2023,7/13/2023,5/5/2023,2/9/2024,9,1,0,0,0,21.9,12.9,110/70,Singleton,Low,Ongoing,
51,5,10/12/2020,10/15/2020,8/7/2020,5/14/2021,9,1,0,0,0,22.8,12.2,110/70,Singleton,Low,Delivered,Previous pregnancy
52,13,7/20/2023,7/22/2023,5/15/2023,2/19/2024,9,3,2,0,2,24.6,11.4,120/80,Singleton,Moderate,Ongoing,
53,21,6/15/2021,6/18/2021,4/10/2021,1/15/2022,9,2,1,0,1,23.7,11.9,120/80,Singleton,Low,Delivered,
54,38,8/25/2020,8/27/2020,6/20/2020,3/27/2021,9,1,0,0,0,22.5,12.3,110/70,Singleton,Low,Delivered,
55,55,9/2/2021,9/5/2021,6/28/2021,4/4/2022,9,2,1,0,1,24.1,11.7,120/80,Singleton,Low,Delivered,
56,67,2/10/2024,2/12/2024,12/5/2023,9/10/2024,9,2,1,0,1,22.4,12.6,110/70,Singleton,Low,Ongoing,
57,80,11/18/2021,11/20/2021,9/13/2021,6/20/2022,9,2,1,0,1,23.6,11.5,120/80,Singleton,Moderate,Delivered,
58,91,1/8/2024,1/10/2024,11/3/2023,8/9/2024,9,2,1,0,1,22.2,12.7,110/70,Singleton,Low,Ongoing,
,,,,,,,,,,,,,,,,,
,,,,,,,,,,,,,,,,,
,,,,,,,,,,,,,,,,,
,,,,,,,,,,,,,,,,,
63,151,3/1/2024,3/3/2024,12/26/2023,10/1/2024,9,2,1,0,1,22.6,12.4,110/70,Singleton,Low,Ongoing,
64,167,2/15/2021,2/18/2021,12/11/2020,9/17/2021,9,1,0,0,0,22.8,12.2,110/70,Singleton,Low,Delivered,
65,180,4/18/2024,4/20/2024,2/12/2024,11/18/2024,9,2,1,0,1,23.5,11.9,120/80,Singleton,Low,Ongoing,
66,188,7/6/2020,7/8/2020,5/1/2020,2/5/2021,9,1,0,0,0,22.4,12.3,110/70,Singleton,Low,Delivered,
67,195,9/9/2023,9/11/2023,7/4/2023,4/9/2024,9,2,1,0,1,23.7,11.5,120/80,Singleton,Moderate,Ongoing,
68,1,5/10/2024,5/12/2024,3/5/2024,12/10/2024,9,2,1,0,1,22.9,12.4,110/70,Singleton,Low,Ongoing,
69,30,3/12/2020,3/14/2020,1/6/2020,10/12/2020,9,1,0,0,0,22.6,12.1,110/70,Singleton,Low,Delivered,
70,84,6/1/2024,6/3/2024,3/27/2024,1/1/2025,9,2,1,0,1,23.8,11.6,120/80,Singleton,Moderate,Ongoing,
