vaccination_id,child_id,schedule_id,administered_by,vaccination_date,batch_number,next_due_date,vaccination_status,adverse_event_reported,side_effects,remarks
1,3,1,4,7/21/2022,BCG220701,9/21/2022,Completed,0,,
2,3,2,5,9/22/2022,PENTA22091,9/22/2022,Completed,0,,
3,3,3,5,9/22/2022,OPV22091,9/22/2022,Completed,0,,
4,3,4,5,9/22/2022,PCV22091,11/21/2022,Completed,0,,
5,3,5,6,11/22/2022,PENTA22112,11/22/2022,Completed,0,,
6,3,6,6,11/22/2022,OPV22112,1/21/2023,Completed,0,,
7,3,9,6,11/22/2022,PCV22112,1/21/2023,Completed,0,,
8,3,7,5,1/22/2023,PENTA23011,1/22/2023,Completed,0,,
9,3,8,5,1/22/2023,OPV23011,4/21/2023,Completed,0,,
10,3,10,4,4/22/2023,MR23041,7/21/2023,Completed,0,,
11,3,11,4,7/23/2023,JE23071,7/22/2025,Completed,0,,
,,,,,,,,,,
12,4,1,4,1/11/2023,BCG230101,3/11/2023,Completed,0,,
13,4,2,5,3/12/2023,PENTA23031,3/12/2023,Completed,0,,
14,4,3,5,3/12/2023,OPV23031,3/12/2023,Completed,0,,
15,4,4,5,3/12/2023,PCV23031,5/11/2023,Completed,0,,
16,4,5,6,5/12/2023,PENTA23051,5/12/2023,Completed,0,,
17,4,6,6,5/12/2023,OPV23051,7/11/2023,Completed,0,,
18,4,9,6,5/12/2023,PCV23051,7/11/2023,Completed,0,,
19,4,7,5,7/12/2023,PENTA23071,7/12/2023,Completed,0,,
20,4,8,5,7/12/2023,OPV23071,10/11/2023,Completed,0,,
21,4,10,4,10/12/2023,MR23101,1/11/2024,Completed,0,,
22,4,11,4,1/13/2024,JE24011,,Completed,0,,
,,,,,,,,,,
23,7,1,7,10/7/2023,BCG231001,12/7/2023,Completed,0,,
24,7,2,8,12/8/2023,PENTA23121,12/8/2023,Completed,0,,
25,7,3,8,12/8/2023,OPV23121,12/8/2023,Completed,0,,
26,7,4,8,12/8/2023,PCV23121,2/7/2024,Completed,0,,
27,7,5,7,2/8/2024,PENTA24021,2/8/2024,Completed,0,,
28,7,6,7,2/8/2024,OPV24021,4/7/2024,Completed,0,,
29,7,9,7,2/8/2024,PCV24021,4/7/2024,Completed,0,,
30,7,7,8,4/8/2024,PENTA24041,4/8/2024,Completed,0,,
31,7,8,8,4/8/2024,OPV24041,7/7/2024,Completed,0,,
32,7,10,7,7/9/2024,MR24071,,Completed,0,,
,,,,,,,,,,
33,11,1,9,8/9/2022,BCG220801,10/9/2022,Completed,0,,
34,11,2,10,10/10/2022,PENTA22101,10/10/2022,Completed,0,,
35,11,3,10,10/10/2022,OPV22101,10/10/2022,Completed,0,,
36,11,4,10,10/10/2022,PCV22101,12/9/2022,Completed,0,,
37,11,5,9,12/10/2022,PENTA22121,12/10/2022,Completed,0,,
38,11,6,9,12/10/2022,OPV22121,2/9/2023,Completed,0,,
39,11,9,9,12/10/2022,PCV22121,2/9/2023,Completed,0,,
40,11,7,10,2/10/2023,PENTA23021,2/10/2023,Completed,0,,
41,11,8,10,2/10/2023,OPV23021,5/9/2023,Completed,0,,
42,11,10,9,5/10/2023,MR23051,8/9/2023,Completed,1,Mild fever,Paracetamol advised
43,11,11,9,8/11/2023,JE23081,,Completed,0,,
,,,,,,,,,,
44,12,1,11,4/6/2023,BCG230401,6/6/2023,Completed,0,,
45,12,2,12,6/7/2023,PENTA23061,6/7/2023,Completed,0,,
46,12,3,12,6/7/2023,OPV23061,6/7/2023,Completed,0,,
47,12,4,12,6/7/2023,PCV23061,8/6/2023,Completed,0,,
48,12,5,11,8/7/2023,PENTA23081,8/7/2023,Completed,0,,
49,12,6,11,8/7/2023,OPV23081,10/6/2023,Completed,0,,
50,12,9,11,8/7/2023,PCV23081,10/6/2023,Completed,0,,
51,12,7,12,10/7/2023,PENTA23101,10/7/2023,Completed,0,,
52,12,8,12,10/7/2023,OPV23101,1/6/2024,Completed,0,,
53,12,10,11,1/8/2024,MR24011,,Completed,0,,
,,,,,,,,,,
54,15,1,13,12/14/2023,BCG231201,2/14/2024,Completed,0,,
55,15,2,14,2/15/2024,PENTA24021,2/15/2024,Completed,0,,
56,15,3,14,2/15/2024,OPV24021,2/15/2024,Completed,0,,
57,15,4,14,2/15/2024,PCV24021,4/14/2024,Completed,0,,
58,15,5,13,4/15/2024,PENTA24041,4/15/2024,Completed,0,,
59,15,6,13,4/15/2024,OPV24041,6/14/2024,Completed,0,,
60,15,9,13,4/15/2024,PCV24041,6/14/2024,Completed,0,,
,,,,,,,,,,
,,,,,,,,,,
,,,,,,,,,,
61,16,7,14,9/1/2022,PENTA22091,9/1/2022,Completed,0,,
62,16,8,14,9/1/2022,OPV22091,12/1/2022,Completed,0,,
63,16,10,13,12/2/2022,MR22121,3/2/2023,Completed,0,,
64,16,11,13,3/4/2023,JE23031,,Completed,0,,
,,,,,,,,,,
65,19,1,15,9/29/2023,BCG23091,11/29/2023,Completed,0,,
66,19,2,16,11/30/2023,PENTA23111,11/30/2023,Completed,0,,
67,19,3,16,11/30/2023,OPV23111,11/30/2023,Completed,0,,
68,19,4,16,11/30/2023,PCV23111,1/29/2024,Completed,0,,
69,19,5,15,1/30/2024,PENTA24011,1/30/2024,Completed,0,,
70,19,6,15,1/30/2024,OPV24011,3/29/2024,Completed,0,,
71,19,9,15,1/30/2024,PCV24011,3/29/2024,Completed,0,,
72,19,7,16,3/30/2024,PENTA24031,3/30/2024,Completed,0,,
73,19,8,16,3/30/2024,OPV24031,6/29/2024,Completed,0,,
74,19,10,15,6/30/2024,MR24061,,Completed,0,,
,,,,,,,,,,
75,20,1,17,3/13/2023,BCG23031,5/13/2023,Completed,0,,
76,20,2,18,5/14/2023,PENTA23051,5/14/2023,Completed,0,,
77,20,3,18,5/14/2023,OPV23051,5/14/2023,Completed,0,,
78,20,4,18,5/14/2023,PCV23051,7/13/2023,Completed,0,,
79,20,5,17,7/14/2023,PENTA23071,7/14/2023,Completed,0,,
80,20,6,17,7/14/2023,OPV23071,9/13/2023,Completed,0,,
81,20,9,17,7/14/2023,PCV23071,9/13/2023,Completed,0,,
82,20,7,18,9/14/2023,PENTA23091,9/14/2023,Completed,0,,
83,20,8,18,9/14/2023,OPV23091,12/13/2023,Completed,0,,
84,20,10,17,12/14/2023,MR23121,,Completed,0,,
,,,,,,,,,,
85,23,1,19,11/4/2023,BCG23111,1/4/2024,Completed,0,,
86,23,2,20,1/5/2024,PENTA24011,1/5/2024,Completed,0,,
87,23,3,20,1/5/2024,OPV24011,1/5/2024,Completed,0,,
88,23,4,20,1/5/2024,PCV24011,3/4/2024,Completed,0,,
89,23,5,19,3/5/2024,PENTA24031,3/5/2024,Completed,0,,
90,23,6,19,3/5/2024,OPV24031,5/4/2024,Completed,0,,
91,23,9,19,3/5/2024,PCV24031,5/4/2024,Completed,0,,
92,23,7,20,5/5/2024,PENTA24051,5/5/2024,Completed,0,,
93,23,8,20,5/5/2024,OPV24051,8/4/2024,Completed,0,,
,,,,,,,,,,
94,24,1,21,5/9/2022,BCG22051,7/9/2022,Completed,0,,
95,24,2,22,7/10/2022,PENTA22071,7/10/2022,Completed,0,,
96,24,3,22,7/10/2022,OPV22071,7/10/2022,Completed,0,,
97,24,4,22,7/10/2022,PCV22071,9/9/2022,Completed,0,,
98,24,5,21,9/10/2022,PENTA22091,9/10/2022,Completed,0,,
99,24,6,21,9/10/2022,OPV22091,11/9/2022,Completed,0,,
100,24,9,21,9/10/2022,PCV22091,11/9/2022,Completed,0,,
101,24,7,22,11/10/2022,PENTA22111,11/10/2022,Completed,0,,
102,24,8,22,11/10/2022,OPV22111,2/9/2023,Completed,0,,
103,24,10,21,2/10/2023,MR23021,5/9/2023,Completed,0,,
104,24,11,21,5/11/2023,JE23051,,Completed,0,,
,,,,,,,,,,
105,28,1,23,12/16/2022,BCG22121,2/16/2023,Completed,0,,
106,28,2,24,2/17/2023,PENTA23021,2/17/2023,Completed,0,,
107,28,3,24,2/17/2023,OPV23021,2/17/2023,Completed,0,,
108,28,4,24,2/17/2023,PCV23021,4/16/2023,Completed,0,,
109,28,5,23,4/17/2023,PENTA23041,4/17/2023,Completed,0,,
110,28,6,23,4/17/2023,OPV23041,6/16/2023,Completed,0,,
111,28,9,23,4/17/2023,PCV23041,6/16/2023,Completed,0,,
112,28,7,24,6/17/2023,PENTA23061,6/17/2023,Completed,0,,
113,28,8,24,6/17/2023,OPV23061,9/16/2023,Completed,0,,
114,28,10,23,9/17/2023,MR23091,12/16/2023,Completed,0,,
115,28,11,23,12/18/2023,JE23121,,Completed,0,,
,,,,,,,,,,
116,29,1,25,8/16/2023,BCG23081,10/16/2023,Completed,0,,
117,29,2,26,10/17/2023,PENTA23101,10/17/2023,Delayed,0,,Delayed due to mild viral illness
118,29,3,26,10/17/2023,OPV23101,10/17/2023,Completed,0,,
119,29,4,26,10/17/2023,PCV23101,12/16/2023,Completed,0,,
120,29,5,25,12/17/2023,PENTA23121,12/17/2023,Completed,0,,
